,year,mean
0,2018,12.322160883280757
1,2019,11.89529520295203
2,2020,14.139110604332954
3,2021,17.425105485232066
4,2022,20.825
5,2023,21.61081081081081
